Artist Name,Artist URL
Petrus Vander AA (1530-1594),https://www.artprice.com/artist/945507/petrus-vander-aa
AAARGH (1977),https://www.artprice.com/artist/392776/mario-koninck-de
Hubertus AAB (XX),https://www.artprice.com/artist/775143/hubertus-aab
Ines C. AAB-TAMSEN (1945-2009),https://www.artprice.com/artist/571839/ines-c-aab-tamsen
Gunhild AABERG (1939),https://www.artprice.com/artist/396299/gunhild-aaberg
Jesper AABILLE (1977),https://www.artprice.com/artist/338322/jesper-aabille
Jens AABO (1898-?),https://www.artprice.com/artist/463317/jens-aabo
Axel Conrad Petersen AABRINK (1887-1965),https://www.artprice.com/artist/53697/axel-aabrink
Axel AABRINK (1887-1965),https://www.artprice.com/artist/53697/axel-aabrink
Jørgen Emil AABYE (1868-1959),https://www.artprice.com/artist/45694/jorgen-emil-aabye
A + A COOREN (XX-XXI),https://www.artprice.com/artist/851898/a-+-a-cooren
Herbert AACH (1923-1985),https://www.artprice.com/artist/101455/herb-aach
Herb AACH (1923-1985),https://www.artprice.com/artist/101455/herb-aach
Hans VON AACHEN (1552-1615),https://www.artprice.com/artist/121644/hans-aachen-von
Johannes DER AACK VAN (1635/36-c.1680),https://www.artprice.com/artist/331308/johannes-aack-van-der
Serge AACKENER (1960),https://www.artprice.com/artist/58969/serge-aackener
Peder AADNAES (1739-1792),https://www.artprice.com/artist/48778/peder-pedersen-aadnas
Peder Pedersen AADNÄS (1739-1792),https://www.artprice.com/artist/48778/peder-pedersen-aadnas
Peder AADNES (1739-1792),https://www.artprice.com/artist/48778/peder-pedersen-aadnas
Arvid AAE (1877-1913),https://www.artprice.com/artist/109154/arvid-aae
Olga Harriet AAE (1877-1965),https://www.artprice.com/artist/145871/olga-harriet-aae
Simon AAEN (1978),https://www.artprice.com/artist/959850/simon-aaen
Erik AAES (1899-1966),https://www.artprice.com/artist/496930/erik-aaes
Edwin AAFJES (1951),https://www.artprice.com/artist/607173/edwin-aafjes
Carl Frederik AAGAARD (1833-1895),https://www.artprice.com/artist/4/carl-frederik-aagaard
Julius AAGAARD (1847-1926),https://www.artprice.com/artist/5/julius-aagaard
Zackarias Martini AAGAARD (1863-1913),https://www.artprice.com/artist/74517/martin-aagaard
Christian Frederik AAGAARD (1833-1895),https://www.artprice.com/artist/4/carl-frederik-aagaard
Edward AAGAARD (XX),https://www.artprice.com/artist/1028622/edward-aagaard
Troels AAGAARD (1970),https://www.artprice.com/artist/498616/troels-aagaard
Martin AAGAARD (1863-1913),https://www.artprice.com/artist/74517/martin-aagaard
Johan Peter AAGAARD (1818-1879),https://www.artprice.com/artist/269568/johan-peter-aagaard
Erik AAGAARD (XX),https://www.artprice.com/artist/157031/erik-aagaard
Gunnar AAGAARD ANDERSEN (1919-1982),https://www.artprice.com/artist/6/gunnar-aagaard-andersen
Douglas AAGARD (XX-XXI),https://www.artprice.com/artist/1251186/douglas-aagard
Carl Trier AAGÅRD (1890-1961),https://www.artprice.com/artist/53698/carl-trier-aagard
Svend AAGE JESSEN (act.c.1960),https://www.artprice.com/artist/572802/svend-aage-jessen
Astrid AAGESEN (1883-1965),https://www.artprice.com/artist/1184727/astrid-aagesen
Elisabeth AAGESEN (XX),https://www.artprice.com/artist/251480/elisabeth-aagesen
Anny Birgitte AAK (1928-2015),https://www.artprice.com/artist/613985/anny-birgitte-aak
Nihalani AAKASH (1986),https://www.artprice.com/artist/617827/aakash-nihalani
Michael K. AAKHUS (XX),https://www.artprice.com/artist/306970/michael-k-aakhus
Ole AAKJÆR (1962),https://www.artprice.com/artist/1073460/ole-aakjaer
Olof AAKRAN (1856-1904),https://www.artprice.com/artist/161833/olof-aakran
Richard B. AAKRE (1943),https://www.artprice.com/artist/191570/richard-b-aakre
Malo A. (1980),https://www.artprice.com/artist/1232745/malo-a
Ahmed Abdel AAL (1946-2012),https://www.artprice.com/artist/604751/ahmed-abdel-aal
Hans Peder AALAND (1890-1962),https://www.artprice.com/artist/922362/hans-peder-aaland
Ben AALBERS (1916-2004),https://www.artprice.com/artist/585175/ben-aalbers
Olaf AALBU (XX),https://www.artprice.com/artist/203869/olaf-aalbu
Heini AALDERKS (XX),https://www.artprice.com/artist/541323/heini-aalderks
Steven AALDERS (1959),https://www.artprice.com/artist/264317/steven-aalders
Jacob AALL BONNEVIE HEUCH (1862-1913),https://www.artprice.com/artist/972210/jacob-aall-bonnevie-heuch
Elissa AALTO (1922-1994),https://www.artprice.com/artist/1156746/elissa-aalto
Kasper AALTO (1967),https://www.artprice.com/artist/452621/kasper-aalto
Ilmari AALTO (1891-1934),https://www.artprice.com/artist/43993/ilmari-aalto
Timo AALTO (1941),https://www.artprice.com/artist/269443/timo-aalto
Eeli AALTO (1931),https://www.artprice.com/artist/1274388/eeli-aalto
Urho Jalmari AALTO (1902-1981),https://www.artprice.com/artist/73753/urho-jalmari-aalto
Anna-Maija AALTO (1918-1978),https://www.artprice.com/artist/330214/anna-maija-aalto
Alvar AALTO (1898-1976),https://www.artprice.com/artist/1441/alvar-aalto
Jaana AALTO (XX-XXI),https://www.artprice.com/artist/1267437/jaana-aalto
Johanna AALTO (1962),https://www.artprice.com/artist/319553/johanna-aalto
Aino AALTO (1894-1949),https://www.artprice.com/artist/331472/aino-aalto
Alvar & Aino AALTO (XX),https://www.artprice.com/artist/523732/alvar-&-aino-aalto
Alvar AALTO & Jean-Jacques BARUËL (XX),https://www.artprice.com/artist/590077/alvar-&-jean-jacques-aalto-&-baruel
Alvar AALTO & Ilse CRAWFORD (XX),https://www.artprice.com/artist/689814/alvar-&-ilse-aalto-&-crawford
Alvar AALTO & Ewald DAHLSKOG (XX),https://www.artprice.com/artist/533767/alvar-&-ewald-aalto-&-dahlskog
Alvar AALTO & Heikki HÄIVÄOJA (XX),https://www.artprice.com/artist/911253/alvar-&-heikki-aalto-&-haivaoja
Alvar AALTO & Maija HEIKINHEIMO (XX),https://www.artprice.com/artist/614313/alvar-&-maija-aalto-&-heikinheimo
Alvar AALTO & Otto KORHONEN (1927),https://www.artprice.com/artist/465983/alvar-&-otto-aalto-&-korhonen
Alvar AALTO & Sakari LAITINEN (XX),https://www.artprice.com/artist/664809/alvar-&-sakari-aalto-&-laitinen
Aino AALTO & Marita LYBECK (XX),https://www.artprice.com/artist/1266960/aino-&-marita-aalto-&-lybeck
Alvar AALTO & Michael SCHILKIN (XIX-XX),https://www.artprice.com/artist/1095957/alvar-&-michael-aalto-&-schilkin
Veikko AALTONA (1910-1990),https://www.artprice.com/artist/55404/veikko-aaltona
Vaino AALTONEN (1894-1966),https://www.artprice.com/artist/580998/vaino-aaltonen
Wäinö AALTONEN (1894-1966),https://www.artprice.com/artist/7/waino-aaltonen
Aarre AALTONEN (1889-1980),https://www.artprice.com/artist/43983/aarre-aaltonen
Matti AALTONEN (1921-1978),https://www.artprice.com/artist/488368/matti-aaltonen
Olavi AALTONEN (1930),https://www.artprice.com/artist/73754/olavi-aaltonen
Erna AALTONEN (1951),https://www.artprice.com/artist/600085/erna-aaltonen
Maija-Liisa AALTONEN (1924-2017),https://www.artprice.com/artist/330215/maija-liisa-aaltonen
Marjatta AALTONEN (XX),https://www.artprice.com/artist/180072/marjatta-aaltonen
Yrjö Aleksander AALTONEN (1908-1993),https://www.artprice.com/artist/73578/yrjo-aleksander-lalla
Eino Niilo AALTONEN (1906-1960),https://www.artprice.com/artist/280527/eino-niilo-aaltonen
Lucas AALUK (XX-XXI),https://www.artprice.com/artist/801372/lucas-aaluk
Paul AALUK (1950),https://www.artprice.com/artist/186441/paul-aaluk
Danny AALUK (XX-XXI),https://www.artprice.com/artist/923442/danny-aaluk
Sue AALUND (1930),https://www.artprice.com/artist/150288/sue-aalund
Suzy AALUND (XX-XXI),https://www.artprice.com/artist/926478/suzy-aalund
Magda AAMODT (XIX-XX),https://www.artprice.com/artist/165683/magda-aamodt
Jahn AAMODT (XX),https://www.artprice.com/artist/1137876/jahn-aamodt
Asbjorn AAMODT (1893-1966),https://www.artprice.com/artist/250973/asbjorn-aamodt
Nicolay AAMODT (1978),https://www.artprice.com/artist/476578/nicolay-aamodt
Philip AAMOND (XIX),https://www.artprice.com/artist/199513/philip-aamond
Susanne AAMUND (1943),https://www.artprice.com/artist/178542/susanne-aamund
Johan VAN AANHOLT (1905-1990),https://www.artprice.com/artist/610811/johan-aanholt-van
AANN CLAIRE (XX),https://www.artprice.com/artist/320451/aann-claire
Sveinung AANONDSON (1854-1919),https://www.artprice.com/artist/512576/sveinung-aanondson
Jos AANRAAD (1945),https://www.artprice.com/artist/546721/jos-aanraad
Pierre AANTOINE (XX-XXI),https://www.artprice.com/artist/501532/pierre-aantoine
Renée AARDEWIJN (1950),https://www.artprice.com/artist/575049/renee-aardewijn
Lény AARDSE (XX),https://www.artprice.com/artist/75247/leny-aardse
Karen VAN AARDT-LASSERRE (1957),https://www.artprice.com/artist/178727/karen-aardt-lasserre-van
Marie Helene AARESTRUP (1826-1904),https://www.artprice.com/artist/163598/marie-helene-aarestrup
Tore AARHOLT (1945),https://www.artprice.com/artist/396311/tore-aarholt
Christian AARHUS (1838-1920),https://www.artprice.com/artist/493445/christian-aarhus
Kaija AARIKKA (1929-2014),https://www.artprice.com/artist/481615/kaija-aarikka
Kaija AARIKKA & Tiimo SARPANEVA (XX-XXI),https://www.artprice.com/artist/807402/kaija--&-tiimo-aarikka-&-sarpaneva
Pirkko AARIO (1934-2018),https://www.artprice.com/artist/290306/pirkko-aario
Hamilton AARIS (1906-1973),https://www.artprice.com/artist/138697/hamilton-aaris
Hamilton Peter AARIS (1906-1973),https://www.artprice.com/artist/138697/hamilton-aaris
Eero AARNIO (1932),https://www.artprice.com/artist/331042/eero-aarnio
Urho AARNIO (XX),https://www.artprice.com/artist/597997/urho-aarnio
Milja AARNIO (1923-2011),https://www.artprice.com/artist/153833/milja-aarnio
Margit AARNIO-AALTONEN (XX),https://www.artprice.com/artist/1055937/margit-aarnio-aaltonen
Patrik AARNIVAARA (1977),https://www.artprice.com/artist/650691/patrik-aarnivaara
Jan AARNTZEN (1950),https://www.artprice.com/artist/612936/jan-aarntzen
Jessie AARON (XX),https://www.artprice.com/artist/899511/jessie-aaron
Jesse J. AARON (1887-1979),https://www.artprice.com/artist/136618/jesse-j-aaron
Mabel AARON (XIX),https://www.artprice.com/artist/203267/mabel-aaron
W. H. AARON (XIX),https://www.artprice.com/artist/203268/w-h-aaron
Joseph AARON (1959),https://www.artprice.com/artist/162261/joseph-aaron
Peter AARON (XX-XXI),https://www.artprice.com/artist/1157838/peter-aaron
AARON (1974),https://www.artprice.com/artist/1096671/aaron
Richard E. AARON (1949-2016),https://www.artprice.com/artist/897831/richard-e-aaron
John AARON (1953),https://www.artprice.com/artist/546457/john-aaron
Leonardo AARON (1917-2019),https://www.artprice.com/artist/661662/leonardo-aaron
May Todd AARON (1879-1967),https://www.artprice.com/artist/225935/may-todd-aaron
Michel AARON (XIX),https://www.artprice.com/artist/531924/michel-aaron
Susan AARON (XX-XXI),https://www.artprice.com/artist/809322/susan-aaron
Slim AARONS (1916-2006),https://www.artprice.com/artist/282844/slim-aarons
George AARONS (1896-1980),https://www.artprice.com/artist/83113/george-aarons
Jules AARONS (1921-2008),https://www.artprice.com/artist/448212/jules-aarons
Leo AARONS (XX),https://www.artprice.com/artist/1279605/leo-aarons
George Allen AARONS (1916-2006),https://www.artprice.com/artist/282844/slim-aarons
Andrew AARONS (XX-XXI),https://www.artprice.com/artist/937158/andrew-aarons
Adrienne AARONSON (XX),https://www.artprice.com/artist/920361/adrienne-aaronson
Adam AARONSON (XX-XXI),https://www.artprice.com/artist/450188/adam-aaronson
Bea AARONSON (XX),https://www.artprice.com/artist/260154/bea-aaronson
Raimo AARRAS (XX),https://www.artprice.com/artist/169117/raimo-aarras
Artturi AARRE (1887-1922),https://www.artprice.com/artist/330216/artturi-aarre
Per Odd AARRESTAD (1940),https://www.artprice.com/artist/396313/per-odd-aarrestad
Ville AARSETH (1899-1985),https://www.artprice.com/artist/98395/ville-aarseth
Alf AARSETH (XX),https://www.artprice.com/artist/740721/alf-aarseth
Oddbjorg AARSETH (1941),https://www.artprice.com/artist/396315/oddbjorg-aarseth
Frøydis AARSETH (1986),https://www.artprice.com/artist/1160646/froydis-aarseth
Sigmund AARSETH (1936-2012),https://www.artprice.com/artist/1139418/sigmund-aarseth
Anne AARSLAND (1976),https://www.artprice.com/artist/313654/anne-aarsland
Carl Wilhelm Oluf Peter AARSLEFF (1852-1918),https://www.artprice.com/artist/42636/carl-aarsleff
Carl ÅARSLEFF (1852-1918),https://www.artprice.com/artist/42636/carl-aarsleff
Hans AARSMAN (1951),https://www.artprice.com/artist/184438/hans-aarsman
Carl Henning AARSO (1944),https://www.artprice.com/artist/337217/carl-henning-aarso
Louwerus Lucas VAN AART (1918-2005),https://www.artprice.com/artist/316950/louwerus-lucas-aart-van
Harry VAN DER AART (1951),https://www.artprice.com/artist/610816/harry-aart-van-der
Nicolaes Matthijsz. AARTMAN (1713-1793),https://www.artprice.com/artist/43506/nicolaes-matthijsz-aartman
Serena AARTS (XX-XXI),https://www.artprice.com/artist/532877/serena-aarts
Johannes J. AARTS (1871-1934),https://www.artprice.com/artist/90914/johannes-j-aarts
Johan Joseph AARTS (1871-1934),https://www.artprice.com/artist/90914/johannes-j-aarts
Ko AARTS (1961),https://www.artprice.com/artist/128436/ko-aarts
Marianne AARTSEN (1950),https://www.artprice.com/artist/444811/marianne-aartsen
Pieter AARTSEN (1963),https://www.artprice.com/artist/1008969/pieter-aartsen
Anne-Lise AAS (1925),https://www.artprice.com/artist/1245534/anne-lise-aas
Edith AAS (1924-1976),https://www.artprice.com/artist/13/edith-aas
Arne AAS (XX),https://www.artprice.com/artist/492453/arne-aas
Walther AAS (1928-1990),https://www.artprice.com/artist/239615/walther-aas
Marte AAS (XX-XXI),https://www.artprice.com/artist/53428/marte-aas
Hans AAS (XX),https://www.artprice.com/artist/1241709/hans-aas
Ulf AAS (1919-2011),https://www.artprice.com/artist/487786/ulf-aas
Nils AAS (1933-2004),https://www.artprice.com/artist/161655/nils-aas
Alf-Jørgen AAS (1915-1981),https://www.artprice.com/artist/47545/alf-jorgen-aas
Oystein AASAN (1977),https://www.artprice.com/artist/488410/oystein-aasan
Johannes AASBJERG (XX-XXI),https://www.artprice.com/artist/589201/johannes-aasbjerg
Kari AASEN (1950),https://www.artprice.com/artist/488411/kari-aasen
Astri AASEN (1875-1935),https://www.artprice.com/artist/71822/astri-aasen
Hanne-Birgitte AASTED (1929),https://www.artprice.com/artist/996255/hanne-birgitte-aasted
Homayon AATIFI (1965),https://www.artprice.com/artist/884106/homayon-aatifi
Franyo AATOH (1954),https://www.artprice.com/artist/242574/franyo-aatoh
Cornelis Johannes VAN DER AA (1883-1950),https://www.artprice.com/artist/57236/cornelis-johannes-aa-van-der
Jan VAN DER AA (1927),https://www.artprice.com/artist/172818/jan-van-der-aa
Pieter VAN DER AA (1659-1733),https://www.artprice.com/artist/163613/pieter-aa-van-der
Dirk VAN DER AA (1731-1809),https://www.artprice.com/artist/136509/dirk-aa-van-der
Theodor Svenden ÅAVANG (1883-1964),https://www.artprice.com/artist/22571/theodor-svenden-aavang
Priidu AAVIK (1905-1991),https://www.artprice.com/artist/466451/priidu-aavik
Leene AAVIK (XX-XXI),https://www.artprice.com/artist/910497/leene-aavik
AAVOK (1978),https://www.artprice.com/artist/1093179/aavok
Kaoru AAWANO (XX),https://www.artprice.com/artist/158317/kaoru-aawano
A BAVI (XX),https://www.artprice.com/artist/1121181/a-bavi
Tatiana A-BAKI (1976),https://www.artprice.com/artist/794034/tatiana-a-baki
Joseph AB ACQUA (XVIII),https://www.artprice.com/artist/701337/joseph-ab-acqua
Gerhard ABA (1951),https://www.artprice.com/artist/467951/gerhard-aba
Vilmos ABA-NOVAK (1894-1941),https://www.artprice.com/artist/48139/vilmos-aba-novak
Soufiane ABABRI (1985),https://www.artprice.com/artist/793272/soufiane-ababri
Nuri ABAC (1926-2008),https://www.artprice.com/artist/249524/nuri-abac
ABACUC (1933-2021),https://www.artprice.com/artist/47726/abacuc
Rafael ABAD (XX),https://www.artprice.com/artist/265467/rafael-abad
Pio ABAD (1983),https://www.artprice.com/artist/797205/pio-abad
Charlie ABAD (1948),https://www.artprice.com/artist/862974/charlie-abad
Francesc ABAD (1944),https://www.artprice.com/artist/68476/francesc-abad
Pacita ABAD (1946-2004),https://www.artprice.com/artist/239908/pacita-barsana-abad
Pacita Barsana ABAD (1946-2004),https://www.artprice.com/artist/239908/pacita-barsana-abad
Antoni ABAD (1956),https://www.artprice.com/artist/132990/antoni-abad
Ariel Alfonso ABAD (1970),https://www.artprice.com/artist/429132/ariel-alfonso-abad
José ABAD (1942),https://www.artprice.com/artist/185110/jose-abad
Claude ABAD (1944),https://www.artprice.com/artist/519659/claude-abad
Francisco ABAD DOBLAS (1933),https://www.artprice.com/artist/7829/francisco-abad-doblas
Francesc ABAD GOMEZ (1944),https://www.artprice.com/artist/68476/francesc-abad
Victoria ABAD KERBLAT (XX-XXI),https://www.artprice.com/artist/1142886/victoria-abad-kerblat
Paz ABAD SANTOS (1943),https://www.artprice.com/artist/654558/paz-abad-santos
Hervé ABADDIE (1962),https://www.artprice.com/artist/280692/herve-abaddie
Jorge ABADE (1974),https://www.artprice.com/artist/459737/jorge-abade
Emilio ABADES (1961),https://www.artprice.com/artist/595422/emilio-abades
Fritzie ABADI (1915),https://www.artprice.com/artist/200768/fritzie-abadi
Juan I DE LA ABADIA (act.1470-1498),https://www.artprice.com/artist/67459/juan-i-abadia-de-la
J. ABADIAS (XIX-XX),https://www.artprice.com/artist/156305/julio-abadias
Julio ABADIAS (XIX-XX),https://www.artprice.com/artist/156305/julio-abadias
León ABADIAS DE SANTOLARIA (1836-1894),https://www.artprice.com/artist/46285/leon-abadias-de-santolaria
Christophe ABADIE (1964),https://www.artprice.com/artist/236986/christophe-abadie
Roland ABADIE (1938),https://www.artprice.com/artist/132695/roland-abadie
Aurélie ABADIE (XX-XXI),https://www.artprice.com/artist/947772/aurelie-abadie
Maylis ABADIE (XX-XXI),https://www.artprice.com/artist/947775/maylis-abadie
Jean ABADIE (1921-2010),https://www.artprice.com/artist/116519/jean-abadie
André ABADIE (XX),https://www.artprice.com/artist/559154/andre-abadie
Pauline ABADIE (XIX),https://www.artprice.com/artist/579451/pauline-abadie
Robert ABADIE (XX),https://www.artprice.com/artist/34863/robert-abadie
Marie-Renée ABADIE (1947),https://www.artprice.com/artist/2568/marie-renee-abadie
Vincent ABADIE HAFEZ (1977),https://www.artprice.com/artist/471058/zepha
Sylvie ABADIE-BASTIDE (1957),https://www.artprice.com/artist/833400/sylvie-abadie-bastide
Pierre ABADIE-LANDEL (1896-1972),https://www.artprice.com/artist/10/pierre-abadie-landel
Giorgio ABADINI (XX),https://www.artprice.com/artist/957207/giorgio-abadini
ABADJURA (XX),https://www.artprice.com/artist/290932/abadjura
Stanko ABADZIC (1952),https://www.artprice.com/artist/261261/stanko-abadzic
Andrea ABAGNALE (XX),https://www.artprice.com/artist/466331/andrea-abagnale
Leesa & Nicole ABAHUNI (XX),https://www.artprice.com/artist/273197/leesa-&-nicole-abahuni
Jose Luis ABAJO FERNÁNDEZ (1946),https://www.artprice.com/artist/622041/jose-luis-abajo-fernandez
Magdalena ABAKANOWICZ (1930-2017),https://www.artprice.com/artist/26442/magdalena-abakanowicz
Witold ABAKO (1958),https://www.artprice.com/artist/323250/witold-abako
Mikhail Georigievich ABAKUMOV (1948-2010),https://www.artprice.com/artist/105541/mikhail-georigievich-abakumov
Francis ABAL (XX),https://www.artprice.com/artist/157337/francis-abal
Tomas ABAL (1922-1986),https://www.artprice.com/artist/292807/tomas-abal
Arthur ABALLAIN (c.1943),https://www.artprice.com/artist/568300/arthur-aballain
Martine ABALLÉA (1950),https://www.artprice.com/artist/11/martine-aballea
Ignasi ABALLI (1958),https://www.artprice.com/artist/67890/ignasi-aballi
Fernando ABALO ARRIETA (1943),https://www.artprice.com/artist/292614/fernando-abalo-arrieta
José Manuel ABALOS (1947),https://www.artprice.com/artist/1145232/jose-manuel-abalos
Constantine ABANAVAS (?-2008),https://www.artprice.com/artist/1035402/constantine-abanavas
Ambie ABAÑO (1967),https://www.artprice.com/artist/599723/ambie-abano
Robert ABANY (1921),https://www.artprice.com/artist/1064871/robert-abany
Albert Charles ABANY (1921),https://www.artprice.com/artist/191571/albert-charles-abany
Agustín ABARCA (1882-1953),https://www.artprice.com/artist/188341/agustin-abarca
Octavio Alcaraz ABARCA (XX-XXI),https://www.artprice.com/artist/1197186/octavio-alcaraz-abarca
Martin ABARCA (XX),https://www.artprice.com/artist/559572/martin-abarca
Inmaculada ABARCA (1961),https://www.artprice.com/artist/317087/inmaculada-abarca
Eduardo ABAROA (1968),https://www.artprice.com/artist/236952/eduardo-abaroa
Mo ABARRO (1933-2016),https://www.artprice.com/artist/833628/mohammed-ahmed-abdalla-abbaro
Manuel ABARSCHURER (XX),https://www.artprice.com/artist/427355/manuel-abarschurer
Franz ABART (1769-1863),https://www.artprice.com/artist/183174/franz-abart
Felipe ABARZUZA Y RODRIGUEZ DE ARIAS (1871-1948),https://www.artprice.com/artist/53922/felipe-abarzuza-y-rodriguez-de-arias
A. Kasim ABAS (1948),https://www.artprice.com/artist/724482/a-kasim-abas
Felipe ABÁS (1777-1813),https://www.artprice.com/artist/565692/felipe-abas
Gustavo ABASCAL (1979),https://www.artprice.com/artist/434382/gustavo-abascal
Graciela ABASCAL (1939),https://www.artprice.com/artist/949923/graciela-abascal
Mary ABASCAL (1880-1968),https://www.artprice.com/artist/203269/mary-abascal
Hector ABASCAL (XX-XXI),https://www.artprice.com/artist/752946/hector-abascal
Carlos ABASCAL (1871-1948),https://www.artprice.com/artist/425303/carlos-abascal
Pedro ABASCAL VAZQUEZ (1960),https://www.artprice.com/artist/396322/pedro-abascal-vazquez
Maya ABASHIDZE (1984),https://www.artprice.com/artist/1144368/maya-abashidze
Victor Fedorovich ABASHIN (1864-1919),https://www.artprice.com/artist/1014186/victor-fedorovich-abashin
Melike ABASIYANIK (1930-2021),https://www.artprice.com/artist/996378/melike-abasiyanik
Melike ABASIYANIK KURTIÇ (1930-2021),https://www.artprice.com/artist/996378/melike-abasiyanik
Kelani ABASS (1979),https://www.artprice.com/artist/503876/kelani-abass
Alexandre ABASSI (1966),https://www.artprice.com/artist/456313/alexandre-abassi
Chingiz Arif Oglu ABASSOV (1963),https://www.artprice.com/artist/452946/chingiz-arif-oglu-abassov
Olamilekan ABATAN (1997),https://www.artprice.com/artist/1024752/olamilekan-abatan
Alberto ABATE (1946-2012),https://www.artprice.com/artist/40581/alberto-abate
Alessandro ABATE (1872-1953),https://www.artprice.com/artist/12/alessandro-abate
Serge ABATE (1943),https://www.artprice.com/artist/568106/serge-abate
Claudio ABATE (1943-2017),https://www.artprice.com/artist/126275/claudio-abate
Isabelle ABATE (XX-XXI),https://www.artprice.com/artist/1016508/isabelle-abate
Gianantonio ABATE (1954),https://www.artprice.com/artist/172142/gianantonio-abate
Corrado ABATE (1977),https://www.artprice.com/artist/883029/corrado-abate
Roger ABATE (1952),https://www.artprice.com/artist/263864/roger-abate
Sam ABATE (1946-2011),https://www.artprice.com/artist/676443/sam-abate
Sabatino ABATE (1946-2011),https://www.artprice.com/artist/676443/sam-abate
Antonio ABATE (XX),https://www.artprice.com/artist/507943/antonio-abate
Ercole ABATE (1573-1613),https://www.artprice.com/artist/184361/ercole-abbati
Claudio ABATE & Alberto BOATTO (XX-XXI),https://www.artprice.com/artist/1236069/claudio-&-alberto-abate-&-boatto
Claudio ABATE & Nanda LANFRANCO (XX),https://www.artprice.com/artist/544616/claudio-&-nanda-abate-&-lanfranco
ABATE ANDREA (1652-1732),https://www.artprice.com/artist/2037/andrea-belvedere
Teonesto DE ABATE (1898-1981),https://www.artprice.com/artist/110963/teonesto-deabate
Goffredo DE ABATE (1849-1932),https://www.artprice.com/artist/188412/goffredo-abate-de
Dean ABATEMARCO (XX-XXI),https://www.artprice.com/artist/1214679/dean-abatemarco
Cirilio Julien ABATH (1954),https://www.artprice.com/artist/186108/ciro-abath
Ciro ABATH (1954),https://www.artprice.com/artist/186108/ciro-abath
Andrea ABATI (1952),https://www.artprice.com/artist/244315/andrea-abati
Pierre ABATUCCI (1871-1942),https://www.artprice.com/artist/14/pierre-abatucci
ABAY D SUBARNA (1940),https://www.artprice.com/artist/455310/abay-d-subarna
Leo ABAYA (1960),https://www.artprice.com/artist/611812/leo-abaya
Gedalia ABAYEV (1960),https://www.artprice.com/artist/696501/gedalia-abayev
Sokenu ABAYOMI (1976),https://www.artprice.com/artist/1033563/sokenu-abayomi
Ramiro ABAYON (XX-XXI),https://www.artprice.com/artist/810432/ramiro-abayon
Ramiro Ming ABAYON (XX-XXI),https://www.artprice.com/artist/810432/ramiro-abayon
Irina ABAZA (1977),https://www.artprice.com/artist/638370/irina-abaza
Oleg Borissovitch ABAZIEV (1949),https://www.artprice.com/artist/618717/oleg-borissovitch-abaziev
